accuracy,attempts,completion_tokens_total,cost_per_correct_answer_usd,estimated_cost_usd_total,exact_match_rate,exact_matches,failure_family_primary_case,max_score_total,mean_gen_tps,mean_gpu_util_pct_avg,mean_ollama_cpu_avg,mean_prompt_tps,mean_ps_loaded_gib,mean_ps_vram_gib,mean_score,mean_system_cpu_avg,model,numeric_correctness_mean,prompt_tokens_total,row_set_correctness_mean,score_total,server_total_s_total,sort_order_correctness_mean,total_tokens_total,valid_json_attempts,valid_json_rate,wall_s_mean,wall_s_total
0.4570216049382716,27,3178,0.0,0.0,0.0,0,aggregation_numeric,27.0,1.9926694166312626,14.810206903254349,1414.2973857421084,1646.7859522508452,36.71700572967529,10.288454055786133,0.4570216049382716,79.41889704635514,codellama-70b-sqlbench:latest,0.14583333333333334,34986,0.6728395061728395,12.339583333333334,1689.114794172,0.38425925925925924,38164,27,1.0,62.57048938625721,1689.4032134289446
0.8500000000000001,3,453,0.0,0.0,0.0,0,audit_reconciliation,3.0,2.0143021312229554,15.108606915756141,1414.0182636748762,1713.3263264421128,36.71700572967529,10.288454055786133,0.8500000000000001,79.2568435932048,codellama-70b-sqlbench:latest,0.5,3972,1.0,2.5500000000000003,238.72669206400002,1.0,4425,3,1.0,79.58455541100314,238.75366623300943
0.5147777777777778,33,5265,0.0,0.0,0.0,0,decision_support,33.0,2.010463903115302,14.96987769929149,1424.901720154419,1815.4514050845744,36.71700572967529,10.288454055786133,0.5147777777777778,80.07616334576605,codellama-70b-sqlbench:latest,0.27316498316498317,45186,0.6565656565656566,16.987666666666666,2737.978408481,0.5227272727272727,50451,33,1.0,82.97858876172563,2738.2934291369456
0.47600000000000003,3,396,0.0,0.0,0.0,0,expression_mapping,3.0,1.9546384736577702,14.896825396825397,1431.1633862433864,2047.8562824155742,36.71700572967529,10.288454055786133,0.47600000000000003,80.49169312169312,codellama-70b-sqlbench:latest,0.32,4254,0.6,1.4280000000000002,213.064943252,0.4000000000000001,4650,3,1.0,71.0314695436585,213.09440863097552
0.46685185185185185,6,1219,0.0,0.0,0.0,0,expression_transform,6.0,2.003378613022663,13.14703368885416,1451.038155650599,1979.9036300312227,36.71700572967529,10.288454055786133,0.46685185185185185,81.43114591370326,codellama-70b-sqlbench:latest,0.11666666666666665,8616,0.6222222222222222,2.801111111111111,633.119357605,0.6037037037037037,9835,6,1.0,105.52895533682992,633.1737320209795
0.7375000000000002,3,372,0.0,0.0,0.0,0,failure_family_audit,3.0,2.061350246309733,14.239000278473961,1415.7209621275408,1868.9679399982313,36.71700572967529,10.288454055786133,0.7375000000000002,79.61281328320803,codellama-70b-sqlbench:latest,0.125,4044,1.0,2.2125000000000004,190.76655040100002,1.0,4416,3,1.0,63.599200257003154,190.79760077100946
0.625,3,429,0.0,0.0,0.0,0,inner_join_accuracy,3.0,1.8199962979149085,9.458079857443783,1187.6762223389212,1293.08107546419,36.71700572967529,10.288454055786133,0.625,66.58447852314276,codellama-70b-sqlbench:latest,0.625,3726,0.625,1.875,403.61843253,0.625,4155,3,1.0,134.56232413300313,403.6869723990094
0.6666666666666666,6,1155,0.0,0.0,0.0,0,join_key_integrity,6.0,1.9812661764591262,12.867860866543095,1443.4616703995468,1755.187254944134,36.71700572967529,10.288454055786133,0.6666666666666666,80.99216851379879,codellama-70b-sqlbench:latest,0.6666666666666666,7797,0.6666666666666666,4.0,603.671387216,0.6666666666666666,8952,6,1.0,100.62189510549554,603.7313706329733
0.1677777777777778,9,955,0.0,0.0,0.0,0,orphan_key_audit,9.0,2.020489914020167,15.824318580650871,1408.8794368753051,1784.6660082025855,36.71700572967529,10.288454055786133,0.1677777777777778,79.17724566844248,codellama-70b-sqlbench:latest,0.7222222222222222,12054,0.2222222222222222,1.5100000000000002,504.140506227,0.2,13009,9,1.0,56.026671066107355,504.2400395949662
0.6572222222222223,18,3063,0.0,0.0,0.16666666666666666,3,outer_join_coverage,18.0,1.9229297861319141,11.634372808173019,1445.17357928585,1743.7414483492903,36.71700572967529,10.288454055786133,0.6572222222222223,81.1331743575431,codellama-70b-sqlbench:latest,0.5222222222222223,23238,0.75,11.83,1666.618573579,0.6277777777777778,26301,18,1.0,92.60071679627193,1666.8129023328947
0.5369047619047619,3,1451,0.0,0.0,0.0,0,presentation_table,3.0,2.0130885031789973,13.733799906425451,1459.3015036909958,2027.301957894845,36.71700572967529,10.288454055786133,0.5369047619047619,81.85292810355584,codellama-70b-sqlbench:latest,0.6785714285714285,4362,0.6666666666666666,1.6107142857142858,734.751394928,0.0,5813,3,1.0,244.92685587867163,734.7805676360149
0.26944444444444443,6,732,0.0,0.0,0.0,0,ranking_and_priority,6.0,2.022198192509168,15.690342112438707,1410.8300382891148,1913.3941556305547,36.71700572967529,10.288454055786133,0.26944444444444443,79.06284889700399,codellama-70b-sqlbench:latest,0.13888888888888887,8241,0.3611111111111111,1.6166666666666667,382.928998715,0.23611111111111108,8973,6,1.0,63.83079736666696,382.98478420000174
1.0,3,606,0.0,0.0,0.0,0,repairability_review,3.0,2.0107587781067555,14.788673973780357,1441.3323202159709,1829.9264004849465,36.71700572967529,10.288454055786133,1.0,80.93765403192054,codellama-70b-sqlbench:latest,1.0,4173,1.0,3.0,312.43440287199996,1.0,4779,3,1.0,104.15465204733967,312.463956142019
0.7666666666666666,3,461,0.0,0.0,0.0,0,repeatability_probe,3.0,2.030820480380491,14.723684210526315,1428.075925925926,1863.6710717937358,36.71700572967529,10.288454055786133,0.7666666666666666,79.978216374269,codellama-70b-sqlbench:latest,0.2222222222222222,4173,1.0,2.3,237.48913283299999,1.0,4634,3,1.0,79.17226243066641,237.5167872919992
0.39695767195767195,9,1250,0.0,0.0,0.0,0,snowflake_traversal,9.0,1.9288157359338913,12.576916249297387,1433.162701166587,1686.978838663184,36.71700572967529,10.288454055786133,0.39695767195767195,80.4192514429866,codellama-70b-sqlbench:latest,0.2552910052910053,11343,0.46825396825396826,3.572619047619048,682.84916989,0.4312169312169312,12593,9,1.0,75.88170138844482,682.9353124960035
0.42500000000000004,3,321,0.0,0.0,0.0,0,sorting_presentation,3.0,1.9138643826077655,12.269357867375136,1433.3083355883002,1665.1157610779235,36.71700572967529,10.288454055786133,0.42500000000000004,80.59717739621003,codellama-70b-sqlbench:latest,0.5,3735,0.5,1.2750000000000001,177.735785842,0.125,4056,3,1.0,59.254761944980906,177.7642858349427
0.47802083333333334,12,1984,0.0,0.0,0.0,0,statistical_summary,12.0,2.00485560718596,14.900670503774693,1437.4920915766986,1899.1825385837922,36.71700572967529,10.288454055786133,0.47802083333333334,80.64276426941494,codellama-70b-sqlbench:latest,0.057291666666666664,17178,0.725,5.73625,1033.578227714,0.4916666666666667,19162,12,1.0,86.1410815857477,1033.6929790289723
0.43109567901234563,27,3019,0.0,0.0,0.0,0,aggregation_numeric,27.0,0.7651887227642101,9.788907561696673,1403.8105214419293,710.8822844438696,61.05101203918457,9.894468307495117,0.43109567901234563,84.32103242882073,command-r-plus-sqlbench:latest,0.22916666666666666,31947,0.6049382716049382,11.639583333333333,4295.365841758,0.2993827160493827,34966,27,1.0,159.0987569820718,4295.666438515938
0.875,3,354,0.0,0.0,0.0,0,audit_reconciliation,3.0,0.800517959056615,11.326365910512251,1377.6362561828416,1008.6544306108032,61.05101203918457,9.894468307495117,0.875,83.07148473477743,command-r-plus-sqlbench:latest,0.5833333333333334,3639,1.0,2.625,476.27094968899996,1.0,3993,3,1.0,158.7674460966567,476.30233828997007
0.5129343434343435,33,4819,0.0,0.0,0.0,0,decision_support,33.0,0.8309089613329025,9.830743259912488,1390.2352773965017,808.4434571487872,61.05101203918457,9.894468307495117,0.5129343434343435,84.0631080595649,command-r-plus-sqlbench:latest,0.2382323232323232,41241,0.6631313131313131,16.926833333333335,6340.278693802,0.5494949494949495,46060,33,1.0,192.14345820184099,6340.7341206607525
0.464,3,377,0.0,0.0,0.0,0,expression_mapping,3.0,0.8863028709849861,10.606976197818012,1365.3390318341335,1021.0358886667069,61.05101203918457,9.894468307495117,0.464,83.18255576112652,command-r-plus-sqlbench:latest,0.28,3897,0.6,1.3920000000000001,454.48544461,0.4000000000000001,4274,3,1.0,151.51639290800085,454.54917872400256
0.6091737891737892,6,1958,0.0,0.0,0.0,0,expression_transform,6.0,0.8552041913486311,7.910533121097032,1401.678920523287,1028.7833114141365,61.05101203918457,9.894468307495117,0.6091737891737892,84.96469851894923,command-r-plus-sqlbench:latest,0.2333333333333333,7881,0.7991452991452991,3.655042735042735,2378.572251344,0.698005698005698,9839,6,1.0,396.43840237467276,2378.6304142480367
0.6687499999999998,3,368,0.0,0.0,0.0,0,failure_family_audit,3.0,0.8820726953612718,10.229493977481015,1371.3881392172389,874.7838904540167,61.05101203918457,9.894468307495117,0.6687499999999998,83.44051993582632,command-r-plus-sqlbench:latest,0.5625,3678,1.0,2.0062499999999996,445.700081607,0.0,4046,3,1.0,148.58152914165598,445.7445874249679
0.9,3,658,0.0,0.0,0.0,0,inner_join_accuracy,3.0,0.6866634875661459,7.524511555463936,1234.2091262969834,511.93961972185207,61.05101203918457,9.894468307495117,0.9,73.51600454941594,command-r-plus-sqlbench:latest,1.0,3408,0.8888888888888888,2.7,1308.219250054,0.7777777777777778,4066,3,1.0,436.1481138196735,1308.4443414590205
1.0,6,1115,0.0,0.0,0.16666666666666666,1,join_key_integrity,6.0,0.7331982995295377,8.49950158567072,1424.934549716908,758.6674425117725,61.05101203918457,9.894468307495117,1.0,85.30350092381555,command-r-plus-sqlbench:latest,1.0,7125,1.0,6.0,1729.3106374640001,1.0,8240,6,1.0,288.2293787628005,1729.3762725768029
0.15666666666666668,9,1109,0.0,0.0,0.0,0,orphan_key_audit,9.0,0.8518818676619961,10.808328614502592,1365.4020636676337,833.0881090414731,61.05101203918457,9.894468307495117,0.15666666666666668,82.88704705940862,command-r-plus-sqlbench:latest,0.7666666666666667,11043,0.19999999999999998,1.4100000000000001,1399.036704279,0.13333333333333336,12152,9,1.0,155.4624761712233,1399.1622855410096
0.9266666666666666,18,3049,0.0,0.0,0.0,0,outer_join_coverage,18.0,0.7302647525219481,9.289646924413276,1425.479022730002,647.3544028352067,61.05101203918457,9.894468307495117,0.9266666666666666,85.31612701191581,command-r-plus-sqlbench:latest,0.8388888888888889,21228,0.9833333333333333,16.68,4586.596359048,0.9166666666666666,24277,18,1.0,254.82596147067184,4586.867306472093
0.501984126984127,3,1272,0.0,0.0,0.0,0,presentation_table,3.0,0.8687646068242856,9.629538079111034,1402.156873706045,1136.259277970945,61.05101203918457,9.894468307495117,0.501984126984127,85.10082127852021,command-r-plus-sqlbench:latest,0.6547619047619048,3981,0.611111111111111,1.505952380952381,1525.344109961,0.0,5253,3,1.0,508.4623711256427,1525.387113376928
0.31576923076923075,6,1221,0.0,0.0,0.0,0,ranking_and_priority,6.0,0.880627609427722,9.509821500455654,1386.7664967283363,880.6477554171375,61.05101203918457,9.894468307495117,0.31576923076923075,84.32197255280596,command-r-plus-sqlbench:latest,0.25,7518,0.41794871794871796,1.8946153846153846,1461.016126105,0.158974358974359,8739,6,1.0,243.51486737501304,1461.0892042500782
1.0,3,678,0.0,0.0,0.0,0,repairability_review,3.0,0.8784448923848417,8.399799509063039,1385.7317678790023,647.8007659137251,61.05101203918457,9.894468307495117,1.0,84.26622150475394,command-r-plus-sqlbench:latest,1.0,3780,1.0,3.0,812.653775232,1.0,4458,3,1.0,270.9002809103501,812.7008427310502
0.7333333333333334,3,427,0.0,0.0,0.0,0,repeatability_probe,3.0,0.8954072292415205,10.848641829770513,1378.0076687534313,700.7213829404587,61.05101203918457,9.894468307495117,0.7333333333333334,83.90053687019359,command-r-plus-sqlbench:latest,0.1111111111111111,3804,1.0,2.2,508.2192564,1.0,4231,3,1.0,169.41618935401007,508.24856806203024
0.7421957671957673,9,1652,0.0,0.0,0.0,0,snowflake_traversal,9.0,0.7841445051753062,9.29316798667361,1401.0342476457565,708.3031382097338,61.05101203918457,9.894468307495117,0.7421957671957673,84.35059597483576,command-r-plus-sqlbench:latest,0.8690476190476191,10368,0.7301587301587301,6.6797619047619055,2150.949904657,0.582010582010582,12020,9,1.0,239.01176811475955,2151.105913032836
0.7888888888888889,3,636,0.0,0.0,0.0,0,sorting_presentation,3.0,0.6975320571990755,9.864985640720935,1437.8912430727887,368.360154683276,61.05101203918457,9.894468307495117,0.7888888888888889,85.71695882799544,command-r-plus-sqlbench:latest,1.0,3432,0.8888888888888888,2.3666666666666667,952.553410292,0.2222222222222222,4068,3,1.0,317.5308138613279,952.5924415839836
0.49541666666666667,12,2343,0.0,0.0,0.0,0,statistical_summary,12.0,0.8652881108257451,8.837876395818652,1388.833180890415,740.6561729612971,61.05101203918457,9.894468307495117,0.49541666666666667,84.26667901290146,command-r-plus-sqlbench:latest,0.0,15684,0.7791666666666667,5.945,2854.295601073,0.5291666666666667,18027,12,1.0,237.86978901034067,2854.437468124088
0.40592873176206506,27,2990,0.0,0.0,0.0,0,aggregation_numeric,27.0,2.781527407798716,19.25027902982318,1303.3245192932834,2272.335190636755,70.02123260498047,9.240646362304688,0.40592873176206506,73.50294061306862,dbrx-sqlbench:latest,0.10956790123456789,30675,0.6136083052749719,10.960075757575757,1335.888651791,0.3312710437710437,33665,27,1.0,49.49149994796284,1336.2704985949968
0.7749999999999999,3,264,0.0,0.0,0.0,0,audit_reconciliation,3.0,2.0331335128622983,16.794080063891386,1348.4630538085255,1611.5677307750823,70.02123260498047,9.240646362304688,0.7749999999999999,75.54963362284117,dbrx-sqlbench:latest,0.25,3528,1.0,2.3249999999999997,153.9589329,1.0,3792,3,1.0,51.329437105334364,153.9883113160031
0.4113821548821549,33,4467,0.0,0.0,0.0,0,decision_support,33.0,2.3053793251068178,16.00061915731242,1379.69080969936,2200.5530783125596,70.02123260498047,9.240646362304688,0.4113821548821549,77.56719985192305,dbrx-sqlbench:latest,0.23765993265993268,39960,0.5702020202020202,13.575611111111112,2234.999107723,0.27491582491582495,44427,33,1.0,67.74192092818063,2235.483390629961
0.7520000000000001,3,421,0.0,0.0,0.0,0,expression_mapping,3.0,2.1982848693422126,14.67835497835498,1380.2064718614718,2777.7872505040086,70.02123260498047,9.240646362304688,0.7520000000000001,77.57603896103895,dbrx-sqlbench:latest,0.5733333333333334,3783,1.0,2.2560000000000002,214.04335052,0.4000000000000001,4204,3,1.0,71.35981047100115,214.07943141300348
0.6538888888888889,6,1275,0.0,0.0,0.0,0,expression_transform,6.0,1.800137870408563,10.67918042230747,1475.836604731708,2425.489863549801,70.02123260498047,9.240646362304688,0.6538888888888889,82.57425241359037,dbrx-sqlbench:latest,0.2722222222222222,7710,0.8333333333333334,3.9233333333333333,807.982750689,0.7777777777777778,8985,6,1.0,134.68519613883595,808.1111768330156
0.6687499999999998,3,305,0.0,0.0,0.0,0,failure_family_audit,3.0,2.3768533105032588,21.7460162601626,1354.8146504065041,1908.8247801637735,70.02123260498047,9.240646362304688,0.6687499999999998,76.36639024390244,dbrx-sqlbench:latest,0.5625,3537,1.0,2.0062499999999996,145.07965666299998,0.0,3842,3,1.0,48.37424001266481,145.12272003799444
0.9,3,624,0.0,0.0,0.0,0,inner_join_accuracy,3.0,3.138207350641263,13.051871931568327,1046.5600256016385,2687.5401776163176,70.02123260498047,9.240646362304688,0.9,58.87894847544752,dbrx-sqlbench:latest,1.0,3261,0.8888888888888888,2.7,510.66081076800003,0.7777777777777778,3885,3,1.0,170.28492648533816,510.8547794560145
1.0,6,994,0.0,0.0,0.0,0,join_key_integrity,6.0,2.9113039724168543,19.90183151619735,1330.2021647667355,2401.2090279962968,70.02123260498047,9.240646362304688,1.0,75.15884609686162,dbrx-sqlbench:latest,1.0,6819,1.0,6.0,378.38728445099997,1.0,7813,6,1.0,63.081292985662,378.487757913972
0.24666666666666665,9,932,0.0,0.0,0.0,0,orphan_key_audit,9.0,2.6396398506702314,17.175861831270808,1326.9692760030669,1982.5840566165482,70.02123260498047,9.240646362304688,0.24666666666666665,74.81468719729084,dbrx-sqlbench:latest,0.8,10647,0.3333333333333333,2.2199999999999998,406.214599685,0.19999999999999998,11579,9,1.0,45.14725675645039,406.3253108080535
0.6977546296296296,18,3075,0.0,0.0,0.05555555555555555,1,outer_join_coverage,18.0,2.9113154880391665,18.10081117749935,1332.7463494226286,2441.250388944077,70.02123260498047,9.240646362304688,0.6977546296296296,75.18300388051078,dbrx-sqlbench:latest,0.5364197530864198,20370,0.8099537037037038,12.559583333333334,1177.372747422,0.6592592592592593,23445,18,1.0,65.42158109955845,1177.5884597920522
0.5988095238095238,3,1026,0.0,0.0,0.0,0,presentation_table,3.0,2.2844553560093273,14.453409157332516,1437.979495097287,1588.64304720329,70.02123260498047,9.240646362304688,0.5988095238095238,80.637420129984,dbrx-sqlbench:latest,0.6904761904761904,3873,0.7833333333333333,1.7964285714285713,476.10947938799995,0.0,4899,3,1.0,158.71525312566277,476.1457593769883
0.4916666666666667,6,1053,0.0,0.0,0.0,0,ranking_and_priority,6.0,2.237304757707073,12.841435056696128,1434.5752295894824,2341.0410438275608,70.02123260498047,9.240646362304688,0.4916666666666667,80.50110761110447,dbrx-sqlbench:latest,0.20833333333333334,7269,0.6527777777777778,2.95,524.127490168,0.513888888888889,8322,6,1.0,87.36625302433094,524.1975181459857
1.0,3,592,0.0,0.0,0.0,0,repairability_review,3.0,2.318279973170428,12.721891025641026,1428.714080128205,2203.7404867145583,70.02123260498047,9.240646362304688,1.0,79.9908002136752,dbrx-sqlbench:latest,1.0,3651,1.0,3.0,276.99499503699997,1.0,4243,3,1.0,92.34452823932709,277.0335847179813
0.525,3,432,0.0,0.0,0.0,0,repeatability_probe,3.0,2.1304458656730723,13.415955973850709,1422.556933475881,1678.9950916344635,70.02123260498047,9.240646362304688,0.525,79.76341237709659,dbrx-sqlbench:latest,0.19444444444444442,3708,0.6666666666666666,1.575,225.797074831,0.6666666666666666,4140,3,1.0,75.28228220598733,225.846846617962
0.5615079365079365,9,1191,0.0,0.0,0.0,0,snowflake_traversal,9.0,2.8985445185155467,20.79120841729972,1312.708488367519,2581.0165660196926,70.02123260498047,9.240646362304688,0.5615079365079365,74.19712462501516,dbrx-sqlbench:latest,0.5436507936507936,9936,0.671957671957672,5.053571428571429,474.016009427,0.31216931216931215,11127,9,1.0,52.68266009522227,474.1439408570004
0.7888888888888889,3,545,0.0,0.0,0.0,0,sorting_presentation,3.0,3.1442604729384045,18.77608225108225,1302.6596717171717,3028.3894216293324,70.02123260498047,9.240646362304688,0.7888888888888889,73.50322150072151,dbrx-sqlbench:latest,1.0,3285,0.8888888888888888,2.3666666666666667,191.96337480900002,0.2222222222222222,3830,3,1.0,63.99873187364816,191.9961956209445
0.44673611111111117,12,2104,0.0,0.0,0.0,0,statistical_summary,12.0,1.9317272119349507,12.705579028979423,1438.8447664769428,1494.8103604614769,70.02123260498047,9.240646362304688,0.44673611111111117,80.57094172259548,dbrx-sqlbench:latest,0.041666666666666664,15309,0.7312500000000001,5.360833333333334,1204.200079127,0.3430555555555555,17413,12,1.0,100.36813181175239,1204.4175817410287
0.4683245149911816,27,3815,0.0,0.0,0.0,0,aggregation_numeric,27.0,2.9173392595036023,23.3885986176977,1327.4130296262845,3240.377500498343,21.240129470825195,10.244256973266602,0.4683245149911816,74.96018031428503,deepseek-coder-33b-sqlbench:latest,0.11728395061728394,35013,0.7067019400352733,12.644761904761904,1364.099199414,0.39894179894179893,38828,27,1.0,50.53335100707611,1364.400477191055
0.8375,3,402,0.0,0.0,0.0,0,audit_reconciliation,3.0,2.8590394954686347,25.440679681525797,1319.8464808900483,2820.361315931527,21.240129470825195,10.244256973266602,0.8375,74.18242806591395,deepseek-coder-33b-sqlbench:latest,0.4583333333333333,4017,1.0,2.5125,147.890284936,1.0,4419,3,1.0,49.305788660334656,147.91736598100397
0.48276767676767673,33,5590,0.0,0.0,0.0,0,decision_support,33.0,2.931160168919611,23.80714012195247,1327.3970464144088,3345.786074547696,21.240129470825195,10.244256973266602,0.48276767676767673,74.83458155528338,deepseek-coder-33b-sqlbench:latest,0.2141077441077441,45564,0.6580808080808082,15.931333333333333,1979.754097902,0.4474747474747475,51154,33,1.0,60.00411577969719,1980.1358207300073
0.6533333333333334,3,532,0.0,0.0,0.0,0,expression_mapping,3.0,2.957036260729908,24.88924205195254,1320.275720039374,3480.448357669911,21.240129470825195,10.244256973266602,0.6533333333333334,74.34894840062216,deepseek-coder-33b-sqlbench:latest,0.4666666666666666,4302,0.8666666666666667,1.9600000000000002,186.268731651,0.4000000000000001,4834,3,1.0,62.09906399134585,186.29719197403756
0.44166666666666665,6,2757,0.0,0.0,0.0,0,expression_transform,6.0,2.855383952871375,22.669708588216498,1347.7272036310799,3342.2269756412625,21.240129470825195,10.244256973266602,0.44166666666666665,75.62132006586452,deepseek-coder-33b-sqlbench:latest,0.15,8763,0.6083333333333333,2.65,989.233243976,0.46249999999999997,11520,6,1.0,164.88451053299164,989.3070631979499
0.88125,3,456,0.0,0.0,0.0,0,failure_family_audit,3.0,3.0046374018697777,23.346766242728975,1323.0005822981366,3971.48420762332,21.240129470825195,10.244256973266602,0.88125,74.45988551217589,deepseek-coder-33b-sqlbench:latest,0.6041666666666666,4038,1.0,2.64375,157.868065753,1.0,4494,3,1.0,52.63297254866726,157.8989176460018
0.9,3,747,0.0,0.0,0.0,0,inner_join_accuracy,3.0,2.5435670738722744,19.124095351901218,1327.3188741305878,3435.5456508601114,21.240129470825195,10.244256973266602,0.9,74.48312628305298,deepseek-coder-33b-sqlbench:latest,1.0,3717,0.8888888888888888,2.7,320.77440203599997,0.7777777777777778,4464,3,1.0,106.94841336967268,320.84524010901805
0.5,6,1270,0.0,0.0,0.0,0,join_key_integrity,6.0,2.880549456302132,24.178560739671852,1344.6107808909198,3718.1859096082994,21.240129470825195,10.244256973266602,0.5,75.56751439661161,deepseek-coder-33b-sqlbench:latest,0.5,7767,0.5,3.0,454.543418864,0.5,9037,6,1.0,75.76981762416835,454.6189057450101
0.2233333333333333,9,1278,0.0,0.0,0.0,0,orphan_key_audit,9.0,2.9075506562160895,22.368654565442036,1334.2824910391817,2876.8244597246276,21.240129470825195,10.244256973266602,0.2233333333333333,75.06124169428898,deepseek-coder-33b-sqlbench:latest,0.7666666666666667,12102,0.3333333333333333,2.01,459.277070748,0.13333333333333336,13380,9,1.0,51.04109674344201,459.36987069097813
0.7483333333333334,18,3608,0.0,0.0,0.0,0,outer_join_coverage,18.0,2.8149685914619798,22.517643627023773,1352.6553790261507,3001.190775368201,21.240129470825195,10.244256973266602,0.7483333333333334,76.06808752902413,deepseek-coder-33b-sqlbench:latest,0.6499999999999999,23214,0.8444444444444446,13.47,1329.944184301,0.6555555555555556,26822,18,1.0,73.8955690646156,1330.1202431630809
0.16785714285714284,3,1387,0.0,0.0,0.0,0,presentation_table,3.0,2.8766858340216857,22.40019301126379,1344.7080207703166,2067.5593733193373,21.240129470825195,10.244256973266602,0.16785714285714284,75.4781766197102,deepseek-coder-33b-sqlbench:latest,0.14285714285714285,4410,0.25,0.5035714285714286,493.28665967,0.0,5797,3,1.0,164.4506410153214,493.3519230459642
0.15416666666666667,6,1365,0.0,0.0,0.0,0,ranking_and_priority,6.0,2.8420309348383994,21.82295101697215,1349.2293399276125,3543.0117745885104,21.240129470825195,10.244256973266602,0.15416666666666667,75.95056049975238,deepseek-coder-33b-sqlbench:latest,0.041666666666666664,8283,0.25,0.925,499.899870171,0.08333333333333333,9648,6,1.0,83.32752995632472,499.96517973794835
1.0,3,810,0.0,0.0,0.0,0,repairability_review,3.0,2.9930408840636638,24.000003335601544,1325.1710510925207,4007.0178198468134,21.240129470825195,10.244256973266602,1.0,74.59720865744261,deepseek-coder-33b-sqlbench:latest,1.0,4185,1.0,3.0,278.218153661,1.0,4995,3,1.0,92.75395919833682,278.26187759501045
0.7749999999999999,3,481,0.0,0.0,0.0,0,repeatability_probe,3.0,2.925906980911172,23.87539568057058,1331.9203144408382,3431.9800429195275,21.240129470825195,10.244256973266602,0.7749999999999999,74.66527552390112,deepseek-coder-33b-sqlbench:latest,0.25,4221,1.0,2.3249999999999997,170.287953209,1.0,4702,3,1.0,56.772474647664545,170.31742394299363
0.5148148148148148,9,1977,0.0,0.0,0.0,0,snowflake_traversal,9.0,2.8743520567930614,22.425836918729736,1345.1984007765336,2604.308183404224,21.240129470825195,10.244256973266602,0.5148148148148148,75.55860380973621,deepseek-coder-33b-sqlbench:latest,0.6666666666666666,11328,0.48148148148148145,4.633333333333334,717.817220381,0.3703703703703704,13305,9,1.0,79.76792656477967,717.9113390830171
0.725462962962963,3,678,0.0,0.0,0.0,0,sorting_presentation,3.0,2.6395009958539823,19.93329817158931,1377.2537160553932,2800.2523504416827,21.240129470825195,10.244256973266602,0.725462962962963,77.50101549821487,deepseek-coder-33b-sqlbench:latest,0.9166666666666666,3732,0.8842592592592592,2.176388888888889,263.692740727,0.041666666666666664,4410,3,1.0,87.9133853216772,263.7401559650316
0.5029166666666667,12,2755,0.0,0.0,0.0,0,statistical_summary,12.0,2.8513494998152162,22.8715290857881,1340.606449246492,3247.2893602118934,21.240129470825195,10.244256973266602,0.5029166666666667,75.30167601248284,deepseek-coder-33b-sqlbench:latest,0.10416666666666667,17457,0.7611111111111111,6.035,1001.70683803,0.45555555555555555,20212,12,1.0,83.48845349241553,1001.8614419089863
0.5654651675485008,27,2687,0.0,0.0,0.0,0,aggregation_numeric,27.0,12.313957183688744,26.67762734723519,1099.4847463429817,13527.688132770323,18.53371551632881,10.55878472328186,0.5654651675485008,66.25298449795181,gemma4-26b-sqlbench:latest,0.44830246913580246,31575,0.7054232804232804,15.267559523809524,251.099163638,0.39131393298059963,34262,27,1.0,9.316627096590647,251.54893160794745
0.8125,3,261,0.0,0.0,0.0,0,audit_reconciliation,3.0,10.897527144443695,27.496693121693124,1104.1683862433863,11668.67049380483,18.53371551632881,10.55878472328186,0.8125,65.28611111111111,gemma4-26b-sqlbench:latest,0.375,3612,1.0,2.4375,27.385273062,1.0,3873,3,1.0,9.141392834339058,27.424178503017174
0.623069264069264,33,4145,0.0,0.0,0.0,0,decision_support,33.0,11.61133601147857,26.92619726282828,1126.0713559796313,12459.130943049071,18.53371551632881,10.55878472328186,0.623069264069264,67.4905619890112,gemma4-26b-sqlbench:latest,0.44422558922558925,40848,0.7783189033189033,20.561285714285713,390.278890692,0.5032106782106782,44993,33,1.0,11.843595495299352,390.8386513448786
0.6533333333333334,3,458,0.0,0.0,0.0,0,expression_mapping,3.0,11.745076554947184,27.95,1131.174956140351,11202.863973369678,18.53371551632881,10.55878472328186,0.6533333333333334,67.00030701754386,gemma4-26b-sqlbench:latest,0.4666666666666666,3861,0.8666666666666667,1.9600000000000002,41.065541105,0.4000000000000001,4319,3,1.0,13.706087662663776,41.11826298799133
0.7205555555555555,6,2302,0.0,0.0,0.0,0,expression_transform,6.0,11.141522706824277,26.98494560155177,1155.5882448778395,13182.336228895752,18.53371551632881,10.55878472328186,0.7205555555555555,68.12243175787489,gemma4-26b-sqlbench:latest,0.49444444444444446,7821,0.8333333333333334,4.323333333333333,212.607323639,0.7777777777777778,10123,6,1.0,35.452461219674056,212.71476731804432
0.9187500000000001,3,438,0.0,0.0,0.0,0,failure_family_audit,3.0,11.894978104024759,26.948179271708682,1129.8390756302522,10878.5280141273,18.53371551632881,10.55878472328186,0.9187500000000001,68.9329131652661,gemma4-26b-sqlbench:latest,0.7291666666666666,3633,1.0,2.75625,41.397616034,1.0,4071,3,1.0,13.815608072666995,41.446824218000984
0.875,3,764,0.0,0.0,0.0,0,inner_join_accuracy,3.0,11.481291478973054,24.764526198439242,1047.3715852842809,10860.09459290214,18.53371551632881,10.55878472328186,0.875,62.386604236343366,gemma4-26b-sqlbench:latest,0.875,3366,0.875,2.625,80.37014576600001,0.875,4130,3,1.0,26.813006464324037,80.43901939297211
1.0,6,774,0.0,0.0,1.0,6,join_key_integrity,6.0,11.795011405519896,26.87946127946128,1132.897053872054,13741.336299962937,18.53371551632881,10.55878472328186,1.0,67.82704545454546,gemma4-26b-sqlbench:latest,1.0,7035,1.0,6.0,71.417562781,1.0,7809,6,1.0,11.917157867831216,71.5029472069873
0.2933333333333333,9,925,0.0,0.0,0.0,0,orphan_key_audit,9.0,11.960640523322446,26.00295013628347,1116.1580327080328,10598.518634886665,18.53371551632881,10.55878472328186,0.2933333333333333,67.98652717652718,gemma4-26b-sqlbench:latest,0.8666666666666667,10929,0.3333333333333333,2.6399999999999997,85.919410683,0.3333333333333333,11854,9,1.0,9.565819392113351,86.09237452902016
0.98,18,2343,0.0,0.0,0.6666666666666666,12,outer_join_coverage,18.0,11.458187757493652,28.861514066906224,1124.5949777242547,11720.719660988512,18.53371551632881,10.55878472328186,0.98,67.46789037079479,gemma4-26b-sqlbench:latest,0.9777777777777779,20925,1.0,17.64,222.216016521,0.9333333333333333,23268,18,1.0,12.361158604279304,222.50085487702745
0.5285714285714286,3,2192,0.0,0.0,0.0,0,presentation_table,3.0,11.23784046427347,28.673678315412186,1159.9209610215055,8410.319528971924,18.53371551632881,10.55878472328186,0.5285714285714286,68.04348230286739,gemma4-26b-sqlbench:latest,0.7142857142857143,3948,0.5714285714285714,1.5857142857142859,198.772447786,0.14285714285714285,6140,3,1.0,66.28036386732128,198.84109160196385
0.1863095238095238,6,1094,0.0,0.0,0.0,0,ranking_and_priority,6.0,11.295975828692038,28.452539901591134,1131.9732962862565,14433.21910908803,18.53371551632881,10.55878472328186,0.1863095238095238,67.6567348053591,gemma4-26b-sqlbench:latest,0.1527777777777778,7434,0.2714285714285714,1.1178571428571429,102.73368947,0.023809523809523808,8528,6,1.0,17.13554622815961,102.81327736895764
1.0,3,483,0.0,0.0,0.0,0,repairability_review,3.0,11.60248082474233,28.998168498168496,1147.680769230769,13614.858233572966,18.53371551632881,10.55878472328186,1.0,67.92362637362636,gemma4-26b-sqlbench:latest,1.0,3744,1.0,3.0,44.442732744,1.0,4227,3,1.0,14.831747487003062,44.495242461009184
0.7749999999999999,3,306,0.0,0.0,0.0,0,repeatability_probe,3.0,12.082342019739434,26.71759259259259,1133.2939814814815,9236.500960744403,18.53371551632881,10.55878472328186,0.7749999999999999,68.27314814814815,gemma4-26b-sqlbench:latest,0.25,3774,1.0,2.3249999999999997,27.975326928,1.0,4080,3,1.0,9.339479209991017,28.01843762997305
0.7861111111111112,9,1020,0.0,0.0,0.0,0,snowflake_traversal,9.0,11.665819325334605,27.022039072039075,1122.7472608872608,12773.02350790916,18.53371551632881,10.55878472328186,0.7861111111111112,66.81434065934064,gemma4-26b-sqlbench:latest,0.8611111111111112,10239,0.7962962962962963,7.075000000000001,97.12841449,0.6481481481481483,11259,9,1.0,10.806876197890638,97.26188578101574
0.8500000000000001,3,378,0.0,0.0,0.0,0,sorting_presentation,3.0,11.619401429276337,30.16111111111111,1123.3466666666666,11747.88516881832,18.53371551632881,10.55878472328186,0.8500000000000001,67.35666666666667,gemma4-26b-sqlbench:latest,1.0,3390,1.0,2.5500000000000003,35.510129324000005,0.25,3768,3,1.0,11.84854876298535,35.54564628895605
0.5984375000000001,12,2096,0.0,0.0,0.0,0,statistical_summary,12.0,11.559353076333254,28.505250305250303,1138.076913919414,11481.277550968414,18.53371551632881,10.55878472328186,0.5984375000000001,67.37904685592186,gemma4-26b-sqlbench:latest,0.09895833333333333,15558,0.8875000000000001,7.18125,193.074866926,0.625,17654,12,1.0,16.103064658498624,193.2367759019835
0.8005555555555556,27,2904,0.0,0.0,0.0,0,aggregation_numeric,27.0,2.752750270915279,21.04989833369982,1335.5461050308866,2755.7525641820307,22.754379093647003,10.701186895370483,0.8005555555555556,75.06732660662182,gemma4-31b-sqlbench:latest,0.6913580246913581,31575,0.95,21.615000000000002,1109.947352949,0.5907407407407407,34479,27,1.0,41.132056823186794,1110.5655342260434
0.9624999999999999,3,540,0.0,0.0,0.0,0,audit_reconciliation,3.0,2.7615008236455956,20.830456349206347,1341.1360912698412,1788.5421640970355,22.754379093647003,10.701186895370483,0.9624999999999999,75.27678075396825,gemma4-31b-sqlbench:latest,0.875,3612,1.0,2.8874999999999997,205.21633595,1.0,4152,3,1.0,68.43613029067637,205.30839087202912
0.7622929292929292,33,5475,0.0,0.0,0.09090909090909091,3,decision_support,33.0,2.7859660892601417,20.877486564130002,1343.5252574194733,2633.574965417282,22.754379093647003,10.701186895370483,0.7622929292929292,75.39437263396375,gemma4-31b-sqlbench:latest,0.5576430976430976,40848,0.9015151515151515,25.155666666666665,2029.729594274,0.7212121212121212,46323,33,1.0,61.532155738001386,2030.5611393540457
0.952,3,723,0.0,0.0,0.0,0,expression_mapping,3.0,2.800354898671866,22.150626235992092,1340.206701823775,2707.679939529455,22.754379093647003,10.701186895370483,0.952,75.30621841353549,gemma4-31b-sqlbench:latest,0.84,3861,1.0,2.856,264.635986747,1.0,4584,3,1.0,88.24594389932463,264.7378316979739
0.7347222222222222,6,1957,0.0,0.0,0.0,0,expression_transform,6.0,2.6938274214055795,20.292104238596234,1362.659314824142,3440.2017707904547,22.754379093647003,10.701186895370483,0.7347222222222222,76.45987919363857,gemma4-31b-sqlbench:latest,0.5416666666666666,7821,0.8333333333333334,4.408333333333333,739.2959934630001,0.7777777777777778,9778,6,1.0,123.24263176884658,739.4557906130794
0.725,3,461,0.0,0.0,0.0,0,failure_family_audit,3.0,2.876245884546478,22.927286043105255,1317.5610381729591,3440.39591575904,22.754379093647003,10.701186895370483,0.725,74.03030759573132,gemma4-31b-sqlbench:latest,0.75,3633,1.0,2.175,167.49556794,0.0,4094,3,1.0,55.853844078994975,167.56153223698493
1.0,3,582,0.0,0.0,1.0,3,inner_join_accuracy,3.0,2.714783716665084,20.446890119684237,1297.0375994716069,1117.5408350845812,22.754379093647003,10.701186895370483,1.0,72.54756811815635,gemma4-31b-sqlbench:latest,1.0,3366,1.0,3.0,237.820560298,1.0,3948,3,1.0,79.29647999166627,237.88943997499882
1.0,6,1091,0.0,0.0,1.0,6,join_key_integrity,6.0,2.709011237010151,17.84740879447131,1367.608041592828,2066.611311930019,22.754379093647003,10.701186895370483,1.0,76.72447099659725,gemma4-31b-sqlbench:latest,1.0,7035,1.0,6.0,417.302297366,1.0,8126,6,1.0,69.57008771883072,417.4205263129843
0.6366666666666666,9,1479,0.0,0.0,0.3333333333333333,3,orphan_key_audit,9.0,2.6450485857233055,19.816482776677223,1355.076914952031,2003.5512439948534,22.754379093647003,10.701186895370483,0.6366666666666666,76.04395469840564,gemma4-31b-sqlbench:latest,0.8999999999999999,10929,0.6666666666666666,5.7299999999999995,571.868064335,0.6666666666666666,12408,9,1.0,63.55918255566697,572.0326430010027
0.9783333333333333,18,3135,0.0,0.0,0.7777777777777778,14,outer_join_coverage,18.0,2.662924546741455,19.289231229377233,1360.6523982930667,2463.067251625581,22.754379093647003,10.701186895370483,0.9783333333333333,76.34152487880931,gemma4-31b-sqlbench:latest,0.9277777777777777,20925,1.0,17.61,1212.975570522,1.0,24060,18,1.0,67.41194137216856,1213.414944699034
0.625,3,2306,0.0,0.0,0.0,0,presentation_table,3.0,2.824710201985981,20.538832823910433,1347.150578579194,3853.720282261435,22.754379093647003,10.701186895370483,0.625,75.59515222922323,gemma4-31b-sqlbench:latest,0.75,3948,0.5714285714285714,1.875,823.097542689,0.5714285714285714,6254,3,1.0,274.39204716133344,823.1761414840003
0.8125,6,1323,0.0,0.0,0.0,0,ranking_and_priority,6.0,2.7421160033699934,19.219762791607177,1354.2813512873863,3018.081786498222,22.754379093647003,10.701186895370483,0.8125,76.09084687786464,gemma4-31b-sqlbench:latest,0.6666666666666666,7434,0.875,4.875,492.865638846,0.875,8757,6,1.0,82.16822499916695,493.0093499950017
1.0,3,744,0.0,0.0,1.0,3,repairability_review,3.0,2.806966688001856,20.40881257488149,1345.2065910038027,2751.7224211821326,22.754379093647003,10.701186895370483,1.0,75.65927156586967,gemma4-31b-sqlbench:latest,1.0,3744,1.0,3.0,270.954500527,1.0,4488,3,1.0,90.34536765767068,271.036102973012
0.75,3,532,0.0,0.0,0.0,0,repeatability_probe,3.0,3.0455363391077674,25.573648515472414,1302.7360672113819,3166.284647936493,22.754379093647003,10.701186895370483,0.75,73.45051156623484,gemma4-31b-sqlbench:latest,0.16666666666666666,3774,1.0,2.25,180.611468388,1.0,4306,3,1.0,60.2318449979939,180.6955349939817
0.9291666666666667,9,1136,0.0,0.0,0.5555555555555556,5,snowflake_traversal,9.0,2.7488780921980074,21.07167537926921,1334.9890860714872,2734.2264661946783,22.754379093647003,10.701186895370483,0.9291666666666667,74.8876612701318,gemma4-31b-sqlbench:latest,0.9444444444444444,10239,0.9305555555555556,8.3625,440.000455311,0.9027777777777778,11375,9,1.0,48.912427484219535,440.2118473579758
0.9500000000000001,3,513,0.0,0.0,0.0,0,sorting_presentation,3.0,2.8372219460833095,20.996367382346563,1332.5330739202243,1096.9060566120593,22.754379093647003,10.701186895370483,0.9500000000000001,74.85814940860485,gemma4-31b-sqlbench:latest,1.0,3390,1.0,2.85,187.823266319,0.75,3903,3,1.0,62.6435873650092,187.9307620950276
0.6659375,12,3150,0.0,0.0,0.0,0,statistical_summary,12.0,2.7666024741704667,20.645518833585417,1352.829995496257,2868.4314764486185,22.754379093647003,10.701186895370483,0.6659375,75.9434498141733,gemma4-31b-sqlbench:latest,0.203125,15558,0.9500000000000001,7.991249999999999,1164.594315513,0.65,18708,12,1.0,97.08101724858473,1164.9722069830168
0.5824537037037038,27,2500,0.0,0.0,0.0,0,aggregation_numeric,27.0,1.942093406133135,11.92043404772031,1410.8109704560984,1313.8617017609824,39.03026008605957,10.855775833129883,0.5824537037037038,79.46740504101803,llama3-70b-sqlbench:latest,0.4174382716049383,25932,0.7425925925925926,15.72625,1394.248023609,0.42962962962962964,28432,27,1.0,51.64773976266453,1394.4889735919423
0.8874999999999998,3,255,0.0,0.0,0.0,0,audit_reconciliation,3.0,1.8964013772470605,9.54945054945055,1403.7433760683762,1382.9067391631686,39.03026008605957,10.855775833129883,0.8874999999999998,79.06910866910867,llama3-70b-sqlbench:latest,0.625,2982,1.0,2.6624999999999996,147.355538477,1.0,3237,3,1.0,49.127646461662756,147.38293938498828
0.5302121212121212,33,4145,0.0,0.0,0.0,0,decision_support,33.0,1.9140471229408575,11.19774422018231,1422.8966580542983,1456.9354097968799,39.03026008605957,10.855775833129883,0.5302121212121212,80.06979540711319,llama3-70b-sqlbench:latest,0.33606060606060606,33576,0.6787878787878787,17.497,2324.238270876,0.45,37721,33,1.0,70.4403289905132,2324.5308566869353
0.6880000000000001,3,402,0.0,0.0,0.0,0,expression_mapping,3.0,1.927983044652627,8.403556109035561,1420.4904939809048,1481.851763630463,39.03026008605957,10.855775833129883,0.6880000000000001,79.6759789677598,llama3-70b-sqlbench:latest,0.36000000000000004,3171,1.0,2.064,222.198372368,0.4000000000000001,3573,3,1.0,74.07454550133359,222.22363650400075
0.6372222222222222,6,1171,0.0,0.0,0.0,0,expression_transform,6.0,1.8810173761205746,10.772316048314435,1441.459826309511,1395.6553102138907,39.03026008605957,10.855775833129883,0.6372222222222222,80.92645067543067,llama3-70b-sqlbench:latest,0.21666666666666667,6432,0.8333333333333334,3.8233333333333333,656.93276484,0.7777777777777778,7603,6,1.0,109.49727040099485,656.9836224059691
0.7479166666666667,3,323,0.0,0.0,0.0,0,failure_family_audit,3.0,1.8005406758747124,12.094287285044208,1449.346999600626,1419.4283119415147,39.03026008605957,10.855775833129883,0.7479166666666667,81.54808208717041,llama3-70b-sqlbench:latest,0.6041666666666666,2958,1.0,2.24375,192.333937051,0.3333333333333333,3281,3,1.0,64.11933931866467,192.358017955994
0.9,3,636,0.0,0.0,0.0,0,inner_join_accuracy,3.0,2.026525362176056,11.78451380552221,1189.8962384953982,1265.2646665372883,39.03026008605957,10.855775833129883,0.9,66.80872348939576,llama3-70b-sqlbench:latest,1.0,2769,0.8888888888888888,2.7,473.949819585,0.7777777777777778,3405,3,1.0,158.01784261066737,474.05352783200215
1.0,6,985,0.0,0.0,0.5,3,join_key_integrity,6.0,1.8963381749386325,10.783755993989937,1437.2420708630727,1267.114709610387,39.03026008605957,10.855775833129883,1.0,80.79329205427005,llama3-70b-sqlbench:latest,1.0,5781,1.0,6.0,550.541453259,1.0,6766,6,1.0,91.76566526167153,550.5939915700292
0.2544444444444445,9,866,0.0,0.0,0.0,0,orphan_key_audit,9.0,1.8455594011774608,11.675769404705042,1422.192506736169,1340.532954796993,39.03026008605957,10.855775833129883,0.2544444444444445,79.95809156750929,llama3-70b-sqlbench:latest,0.8666666666666667,8973,0.2777777777777778,2.29,502.831303294,0.2777777777777778,9839,9,1.0,55.87817410300098,502.9035669270088
0.811986531986532,18,2894,0.0,0.0,0.0,0,outer_join_coverage,18.0,1.937007835860879,10.69977671953766,1429.2936874801765,1352.1799678352481,39.03026008605957,10.855775833129883,0.811986531986532,80.39029292048866,llama3-70b-sqlbench:latest,0.7592592592592593,17241,0.8973063973063974,14.615757575757577,1586.057856129,0.6777777777777778,20135,18,1.0,88.12540365889436,1586.2572658600984
0.5476190476190476,3,1241,0.0,0.0,0.0,0,presentation_table,3.0,1.7923802975140664,8.691068232784753,1473.4442723467666,1419.0633325737833,39.03026008605957,10.855775833129883,0.5476190476190476,82.63077955280902,llama3-70b-sqlbench:latest,0.7142857142857143,3255,0.6666666666666666,1.6428571428571428,726.321334495,0.0,4496,3,1.0,242.12085848901188,726.3625754670356
0.48000000000000004,6,957,0.0,0.0,0.0,0,ranking_and_priority,6.0,1.8013126067888232,11.055269400924724,1450.5962335354268,1301.8679115712553,39.03026008605957,10.855775833129883,0.48000000000000004,81.45097907088392,llama3-70b-sqlbench:latest,0.3333333333333333,6114,0.5666666666666667,2.8800000000000003,562.677819959,0.48333333333333334,7071,6,1.0,93.78788192150144,562.7272915290087
1.0,3,572,0.0,0.0,0.0,0,repairability_review,3.0,1.9150870177200527,11.0434875066454,1432.9637037037037,1292.4166700894054,39.03026008605957,10.855775833129883,1.0,80.30187488924331,llama3-70b-sqlbench:latest,1.0,3075,1.0,3.0,315.029672429,1.0,3647,3,1.0,105.01838737900835,315.05516213702504
0.8000000000000002,3,293,0.0,0.0,0.0,0,repeatability_probe,3.0,1.928801741498526,13.683889919604205,1409.9145454545453,1510.585559268462,39.03026008605957,10.855775833129883,0.8000000000000002,78.99617218099361,llama3-70b-sqlbench:latest,0.3333333333333333,3111,1.0,2.4000000000000004,164.145321141,1.0,3404,3,1.0,54.72363042466653,164.1708912739996
0.6981481481481482,9,1424,0.0,0.0,0.0,0,snowflake_traversal,9.0,1.9401684906597731,11.321738732620066,1424.6081130981436,1235.7331943231436,39.03026008605957,10.855775833129883,0.6981481481481482,80.19109318268903,llama3-70b-sqlbench:latest,0.8333333333333334,8418,0.7037037037037037,6.283333333333333,787.888321481,0.48148148148148145,9842,9,1.0,87.55345380366391,787.9810842329753
0.825925925925926,3,549,0.0,0.0,0.0,0,sorting_presentation,3.0,1.89045906725162,10.427369580310756,1444.688237209414,1174.260228396511,39.03026008605957,10.855775833129883,0.825925925925926,81.15321578203931,llama3-70b-sqlbench:latest,1.0,2787,0.8888888888888888,2.477777777777778,306.771052171,0.4074074074074074,3336,3,1.0,102.27381165032664,306.8214349509799
0.5314583333333334,12,1542,0.0,0.0,0.0,0,statistical_summary,12.0,1.9370030012942108,10.91111774369022,1419.8749760047904,1517.4320455676088,39.03026008605957,10.855775833129883,0.5314583333333334,79.89816535350438,llama3-70b-sqlbench:latest,0.03125,12831,0.8208333333333333,6.3775,849.869503283,0.5583333333333333,14373,12,1.0,70.83252131774498,849.9902558129397
0.5402160493827161,27,2891,0.0,0.0,0.0,0,aggregation_numeric,27.0,2.508482831100404,18.953399024480234,1347.3606245238514,2144.133483837339,76.18619537353516,9.358322143554688,0.5402160493827161,75.79944871653285,mixtral-8x22b-sqlbench:latest,0.30195473251028804,34353,0.725925925925926,14.585833333333333,1331.754836882,0.4333333333333333,37244,27,1.0,49.33495856074431,1332.0438811400963
0.8250000000000001,3,309,0.0,0.0,0.0,0,audit_reconciliation,3.0,2.169309595325986,15.844093867623279,1381.8580348674466,2202.5103024155555,76.18619537353516,9.358322143554688,0.8250000000000001,77.66157623687036,mixtral-8x22b-sqlbench:latest,0.4166666666666667,3903,1.0,2.475,167.56636776300002,1.0,4212,3,1.0,55.865245110326214,167.59573533097864
0.505429292929293,33,4968,0.0,0.0,0.0,0,decision_support,33.0,2.4856331421875306,18.03390564171518,1375.386167828793,2303.3033655113036,76.18619537353516,9.358322143554688,0.505429292929293,77.43654636692705,mixtral-8x22b-sqlbench:latest,0.32045454545454544,44325,0.655988455988456,16.679166666666667,2231.261128612,0.4064935064935065,49293,33,1.0,67.62651086599782,2231.674858577928
0.5,3,366,0.0,0.0,0.0,0,expression_mapping,3.0,2.341060991302502,16.40358286252354,1403.1067330508474,2087.256857651428,76.18619537353516,9.358322143554688,0.5,78.79879943502824,mixtral-8x22b-sqlbench:latest,0.4000000000000001,4173,0.6,1.5,171.698708153,0.4000000000000001,4539,3,1.0,57.2445361596668,171.7336084790004
0.586388888888889,6,1545,0.0,0.0,0.0,0,expression_transform,6.0,2.507268751455144,17.695756535341,1422.2806059037796,2447.95310262558,76.18619537353516,9.358322143554688,0.586388888888889,80.06756507358652,mixtral-8x22b-sqlbench:latest,0.28055555555555556,8460,0.7333333333333334,3.5183333333333335,647.761880704,0.6777777777777777,10005,6,1.0,107.96943536450271,647.8166121870163
0.8874999999999998,3,276,0.0,0.0,0.0,0,failure_family_audit,3.0,2.6148219402085213,19.54848484848485,1354.8376957070707,2656.628102673712,76.18619537353516,9.358322143554688,0.8874999999999998,75.85858796296297,mixtral-8x22b-sqlbench:latest,0.625,3930,1.0,2.6624999999999996,120.594059071,1.0,4206,3,1.0,40.20766517732409,120.62299553197226
0.8916666666666666,3,669,0.0,0.0,0.0,0,inner_join_accuracy,3.0,2.5774970977849248,14.525780649001343,1069.8987569417538,2182.354531167285,76.18619537353516,9.358322143554688,0.8916666666666666,60.92304606123904,mixtral-8x22b-sqlbench:latest,0.9583333333333334,3648,0.8842592592592592,2.675,568.671486869,0.8101851851851851,4317,3,1.0,189.59160902165846,568.7748270649754
1.0,6,1046,0.0,0.0,0.5,3,join_key_integrity,6.0,2.644275804480342,19.863802124475786,1399.6890208056375,2176.861801739004,76.18619537353516,9.358322143554688,1.0,78.85665212431523,mixtral-8x22b-sqlbench:latest,1.0,7638,1.0,6.0,429.138215434,1.0,8684,6,1.0,71.53806403415608,429.22838420493645
0.25777777777777783,9,1003,0.0,0.0,0.0,0,orphan_key_audit,9.0,2.4097046136180307,16.90773300271389,1398.3355783690315,2288.0376108763353,76.18619537353516,9.358322143554688,0.25777777777777783,78.6901675113594,mixtral-8x22b-sqlbench:latest,0.8,11838,0.3111111111111111,2.3200000000000003,470.546427596,0.3111111111111111,12841,9,1.0,52.29217402466262,470.6295662219636
0.8588888888888889,18,3059,0.0,0.0,0.1111111111111111,2,outer_join_coverage,18.0,2.5682486525672132,18.810406390417185,1374.084349680897,2273.6702601211737,76.18619537353516,9.358322143554688,0.8588888888888889,77.76492412193917,mixtral-8x22b-sqlbench:latest,0.7888888888888889,22785,0.911111111111111,15.46,1298.041090565,0.8333333333333334,25844,18,1.0,72.1246198751097,1298.2431577519746
0.6535714285714286,3,1109,0.0,0.0,0.0,0,presentation_table,3.0,2.349446341652032,16.746971955854523,1453.5142459209962,2382.816332906594,76.18619537353516,9.358322143554688,0.6535714285714286,81.69408055436287,mixtral-8x22b-sqlbench:latest,0.8452380952380952,4284,0.8000000000000002,1.9607142857142859,491.86878573499996,0.0,5393,3,1.0,163.96611679932298,491.8983503979689
0.5541666666666666,6,1297,0.0,0.0,0.0,0,ranking_and_priority,6.0,2.483666194623973,17.272943272215862,1410.9685937057704,2336.1452986510126,76.18619537353516,9.358322143554688,0.5541666666666666,79.37470756221053,mixtral-8x22b-sqlbench:latest,0.40277777777777785,8079,0.6666666666666666,3.3249999999999997,568.9194184629999,0.5,9376,6,1.0,94.83001607982926,568.9800964789756
1.0,3,619,0.0,0.0,0.0,0,repairability_review,3.0,2.3510822551092834,17.82998176444696,1421.6504079418976,2308.1851396597126,76.18619537353516,9.358322143554688,1.0,79.83865261271458,mixtral-8x22b-sqlbench:latest,1.0,4068,1.0,3.0,282.902920049,1.0,4687,3,1.0,94.31130364902008,282.9339109470602
0.8000000000000002,3,363,0.0,0.0,0.0,0,repeatability_probe,3.0,2.3199765621812314,18.04577794510894,1413.5039254443125,2358.9435573605033,76.18619537353516,9.358322143554688,0.8000000000000002,79.55227103787155,mixtral-8x22b-sqlbench:latest,0.3333333333333333,4086,1.0,2.4000000000000004,175.069379309,1.0,4449,3,1.0,58.37158233566637,175.1147470069991
0.8398148148148148,9,1431,0.0,0.0,0.2222222222222222,2,snowflake_traversal,9.0,2.66840444656829,21.17699017744599,1349.1735414014984,2339.823376956727,76.18619537353516,9.358322143554688,0.8398148148148148,76.27809658309506,mixtral-8x22b-sqlbench:latest,0.9722222222222222,11124,0.8148148148148148,7.558333333333334,587.1669932140001,0.7037037037037037,12555,9,1.0,65.2505619108884,587.2550571979955
0.7166666666666667,3,500,0.0,0.0,0.0,0,sorting_presentation,3.0,2.3099101465271468,18.209088564692014,1387.9150099469496,2041.4292277872007,76.18619537353516,9.358322143554688,0.7166666666666667,79.21630268199233,mixtral-8x22b-sqlbench:latest,0.875,3669,0.875,2.15,239.33426795399998,0.08333333333333333,4169,3,1.0,79.79393432566819,239.38180297700455
0.5337152777777778,12,2152,0.0,0.0,0.0,0,statistical_summary,12.0,2.5480891387642837,17.605761636256425,1380.02859166715,2304.895705424363,76.18619537353516,9.358322143554688,0.5337152777777778,77.69786162911295,mixtral-8x22b-sqlbench:latest,0.11979166666666667,16896,0.7740740740740741,6.404583333333334,919.002058235,0.5537037037037037,19048,12,1.0,76.59282460766069,919.1138952919282
0.35092851024868565,27,3101,0.0,0.0,0.0,0,aggregation_numeric,27.0,88.05645281837452,34.75029928918818,102.25768237934905,54649.928838233456,3.063054084777832,3.063054084777832,0.35092851024868565,5.76379723157501,phi4-mini-sqlbench:latest,0.1550925925925926,25725,0.5458385019788529,9.475069776714513,102.769966007,0.1574074074074074,28826,27,1.0,3.817741198259345,103.07901235300233
0.8125,3,288,0.0,0.0,0.0,0,audit_reconciliation,3.0,87.84232589932554,34.0,102.0,52131.04239754428,3.063054084777832,3.063054084777832,0.8125,5.8,phi4-mini-sqlbench:latest,0.375,2952,1.0,2.4375,9.605804126999999,1.0,3240,3,1.0,3.2135438403347507,9.640631521004252
0.42446103896103893,33,4326,0.0,0.0,0.0,0,decision_support,33.0,86.7174385529449,34.85054112554112,101.97234848484848,55156.634895286596,3.063054084777832,3.063054084777832,0.42446103896103893,5.75732683982684,phi4-mini-sqlbench:latest,0.12456228956228954,33294,0.5992063492063493,14.007214285714285,142.29510918,0.4374458874458874,37620,33,1.0,4.323735472728555,142.6832706000423
0.6533333333333334,3,417,0.0,0.0,0.0,0,expression_mapping,3.0,85.7253690638063,34.25,102.01666666666667,58758.611785993824,3.063054084777832,3.063054084777832,0.6533333333333334,5.724999999999999,phi4-mini-sqlbench:latest,0.4666666666666666,3162,0.8666666666666667,1.9600000000000002,13.815050132,0.4000000000000001,3579,3,1.0,4.616552368999692,13.849657106999075
0.5890740740740741,6,1174,0.0,0.0,0.0,0,expression_transform,6.0,83.44443751708272,35.173611111111114,101.66805555555555,57250.42092972485,3.063054084777832,3.063054084777832,0.5890740740740741,5.749583333333334,phi4-mini-sqlbench:latest,0.13333333333333333,6384,0.8611111111111112,3.5344444444444445,38.472261629,0.5925925925925926,7558,6,1.0,6.423245953847072,38.53947572308243
0.5556547619047619,3,396,0.0,0.0,0.0,0,failure_family_audit,3.0,86.49489428898539,34.86666666666667,102.04444444444444,50893.172554684665,3.063054084777832,3.063054084777832,0.5556547619047619,5.757777777777778,phi4-mini-sqlbench:latest,0.3125,2925,0.8571428571428571,1.666964285714286,12.954395084,0.16666666666666666,3321,3,1.0,4.3291334463380435,12.98740033901413
0.9,3,661,0.0,0.0,0.0,0,inner_join_accuracy,3.0,82.91948671317694,32.83730158730159,90.53333333333335,46687.08126629447,3.063054084777832,3.063054084777832,0.9,7.176984126984127,phi4-mini-sqlbench:latest,1.0,2736,0.8888888888888888,2.7,28.225087049,0.7777777777777778,3397,3,1.0,9.42509451233976,28.275283537019277
0.9814814814814815,6,1040,0.0,0.0,0.0,0,join_key_integrity,6.0,80.92944470297526,35.8,101.54416666666667,48867.32217882806,3.063054084777832,3.063054084777832,0.9814814814814815,5.745555555555556,phi4-mini-sqlbench:latest,0.9814814814814815,5727,0.9814814814814815,5.888888888888889,35.536266086,0.9814814814814815,6767,6,1.0,5.9373474203360574,35.62408452201635
0.22,9,977,0.0,0.0,0.0,0,orphan_key_audit,9.0,87.80703086561611,35.53703703703704,102.20185185185184,55151.84353760525,3.063054084777832,3.063054084777832,0.22,5.736111111111111,phi4-mini-sqlbench:latest,0.8,8883,0.3333333333333333,1.98,32.078820736,0.06666666666666668,9860,9,1.0,3.576244329441882,32.18619896497694
0.7068253968253968,18,3065,0.0,0.0,0.0,0,outer_join_coverage,18.0,82.62162421207499,34.840145502645505,101.81665343915344,47566.19769735198,3.063054084777832,3.063054084777832,0.7068253968253968,5.760502645502645,phi4-mini-sqlbench:latest,0.5648148148148148,17049,0.8150793650793651,12.722857142857142,103.982707332,0.6492063492063491,20114,18,1.0,5.788799875778043,104.19839776400477
0.0,3,967,0.0,0.0,0.0,0,presentation_table,3.0,78.9538084129576,36.87103174603175,101.5738888888889,51140.233857959916,3.063054084777832,3.063054084777832,0.0,5.753809523809523,phi4-mini-sqlbench:latest,0.0,3234,0.0,0.0,32.636907016,0.0,4201,3,1.0,10.891037499667922,32.673112499003764
0.15694444444444444,6,1090,0.0,0.0,0.0,0,ranking_and_priority,6.0,83.47790035256224,35.44444444444444,101.72039682539683,54959.01385283872,3.063054084777832,3.063054084777832,0.15694444444444444,5.76515873015873,phi4-mini-sqlbench:latest,0.1527777777777778,6063,0.2222222222222222,0.9416666666666667,36.054658808,0.0,7153,6,1.0,6.020145791660373,36.12087474996224
0.8518518518518517,3,556,0.0,0.0,0.0,0,repairability_review,3.0,81.4506997775186,34.71111111111111,101.61,49805.517171393156,3.063054084777832,3.063054084777832,0.8518518518518517,5.732222222222222,phi4-mini-sqlbench:latest,0.8518518518518517,3069,0.8518518518518517,2.5555555555555554,18.858434209000002,0.8518518518518517,3625,3,1.0,6.29762137234017,18.89286411702051
0.3833333333333333,3,395,0.0,0.0,0.0,0,repeatability_probe,3.0,88.42758112137734,34.833333333333336,104.38333333333333,62463.36551898787,3.063054084777832,3.063054084777832,0.3833333333333333,5.7749999999999995,phi4-mini-sqlbench:latest,0.1111111111111111,3108,0.5,1.15,12.432423282,0.5,3503,3,1.0,4.1555081346596126,12.466524403978838
0.6979276895943562,9,1348,0.0,0.0,0.0,0,snowflake_traversal,9.0,85.58572203462258,35.03809523809524,101.88563492063491,48875.339925488355,3.063054084777832,3.063054084777832,0.6979276895943562,5.761388888888889,phi4-mini-sqlbench:latest,0.6309523809523809,8328,0.7451499118165785,6.281349206349207,45.406313579,0.6803350970017638,9676,9,1.0,5.056695386553959,45.510258478985634
0.61875,3,478,0.0,0.0,0.0,0,sorting_presentation,3.0,81.22746653263626,35.666666666666664,101.67333333333333,43982.75449988994,3.063054084777832,3.063054084777832,0.61875,5.760000000000001,phi4-mini-sqlbench:latest,0.7291666666666666,2754,0.75,1.8562500000000002,16.428662746,0.125,3232,3,1.0,5.488605496337793,16.465816489013378
0.4938541666666667,12,1762,0.0,0.0,0.0,0,statistical_summary,12.0,85.80960415011867,36.05972222222223,101.60208333333333,59921.22268774332,3.063054084777832,3.063054084777832,0.4938541666666667,5.752916666666667,phi4-mini-sqlbench:latest,0.057291666666666664,12750,0.7666666666666667,5.9262500000000005,56.920538281999995,0.4666666666666666,14512,12,1.0,4.754985841917612,57.059830103011336
0.6663580246913581,27,2943,0.0,0.0,0.0,0,aggregation_numeric,27.0,1.6762137587766885,13.232919300868778,1465.47518299798,1178.7199469845434,48.56369209289551,10.268411636352539,0.6663580246913581,82.26537616865335,qwen2.5-72b-sqlbench:latest,0.41358024691358025,27846,0.8364197530864197,17.991666666666667,1895.02413771,0.6203703703703703,30789,27,1.0,70.19688365433615,1895.315858667076
0.8125,3,303,0.0,0.0,0.0,0,audit_reconciliation,3.0,1.6396791250893408,13.797066194899012,1463.2344390387734,1306.7861592024917,48.56369209289551,10.268411636352539,0.8125,82.18306796402771,qwen2.5-72b-sqlbench:latest,0.375,3192,1.0,2.4375,200.30841715100001,1.0,3495,3,1.0,66.7856768676623,200.35703060298692
0.5636616161616161,33,4979,0.0,0.0,0.0,0,decision_support,33.0,1.6537255890839195,12.44772581286057,1485.3733825683144,1262.0506129040873,48.56369209289551,10.268411636352539,0.5636616161616161,83.3574309964588,qwen2.5-72b-sqlbench:latest,0.38392255892255894,35907,0.7101010101010101,18.600833333333334,3200.750486695,0.4671717171717171,40886,33,1.0,97.00426634445621,3201.140789367055
0.6240000000000001,3,498,0.0,0.0,0.0,0,expression_mapping,3.0,1.6726279280499885,13.785463603831646,1478.5574878177474,1375.764307194482,48.56369209289551,10.268411636352539,0.6240000000000001,83.01607068752851,qwen2.5-72b-sqlbench:latest,0.48,3381,0.8000000000000002,1.8720000000000003,315.47273807600004,0.4000000000000001,3879,3,1.0,105.16827813266234,315.504834397987
0.6797222222222222,6,1712,0.0,0.0,0.0,0,expression_transform,6.0,1.6453890978933867,12.190366486647868,1508.575756917887,1260.1351376025689,48.56369209289551,10.268411636352539,0.6797222222222222,84.5281162409479,qwen2.5-72b-sqlbench:latest,0.35833333333333334,6852,0.8333333333333334,4.078333333333333,1085.547582865,0.7777777777777778,8564,6,1.0,180.93565337649488,1085.6139202589693
0.9437500000000001,3,345,0.0,0.0,0.0,0,failure_family_audit,3.0,1.6341137572408237,14.006720362970363,1481.097474192474,1302.6974580001045,48.56369209289551,10.268411636352539,0.9437500000000001,82.96541000666001,qwen2.5-72b-sqlbench:latest,0.8125,3171,1.0,2.8312500000000003,226.315075411,1.0,3516,3,1.0,75.44922574933541,226.34767724800622
0.875,3,562,0.0,0.0,0.0,0,inner_join_accuracy,3.0,1.6181148963045517,12.004736057896977,1318.8099884683218,1052.0462597055398,48.56369209289551,10.268411636352539,0.875,73.77783461748979,qwen2.5-72b-sqlbench:latest,0.875,2982,0.875,2.625,451.424006102,0.875,3544,3,1.0,150.49404987400825,451.48214962202474
1.0,6,1055,0.0,0.0,0.6666666666666666,4,join_key_integrity,6.0,1.6303315074033595,11.926592761611657,1496.4148248755616,1195.9475894026543,48.56369209289551,10.268411636352539,1.0,83.79905391500817,qwen2.5-72b-sqlbench:latest,1.0,6210,1.0,6.0,683.168063182,1.0,7265,6,1.0,113.87507919416142,683.2504751649685
0.3133333333333333,9,1293,0.0,0.0,0.0,0,orphan_key_audit,9.0,1.670635081701684,13.231629506832665,1484.7776698504852,1266.4691044291878,48.56369209289551,10.268411636352539,0.3133333333333333,83.3032504037823,qwen2.5-72b-sqlbench:latest,0.9333333333333333,9609,0.3333333333333333,2.82,822.802449833,0.3333333333333333,10902,9,1.0,91.4392686120021,822.9534175080189
0.9455555555555555,18,3124,0.0,0.0,0.3888888888888889,7,outer_join_coverage,18.0,1.6707549229598024,12.606127521054644,1489.0486965817115,1180.7590473205578,48.56369209289551,10.268411636352539,0.9455555555555555,83.57042379247406,qwen2.5-72b-sqlbench:latest,0.9074074074074073,18519,1.0,17.02,1981.813134669,0.8666666666666667,21643,18,1.0,110.11284413944749,1982.0311945100548
0.5496825396825397,3,1630,0.0,0.0,0.0,0,presentation_table,3.0,1.632165661548597,11.76154736284647,1520.768739219,1311.4976576943516,48.56369209289551,10.268411636352539,0.5496825396825397,85.11159312395672,qwen2.5-72b-sqlbench:latest,0.5952380952380952,3465,0.6222222222222222,1.6490476190476189,1034.637972076,0.3,5095,3,1.0,344.890828242671,1034.672484728013
0.6075,6,1156,0.0,0.0,0.0,0,ranking_and_priority,6.0,1.6624300856880205,12.756122952797845,1495.3668840826756,1267.467315790167,48.56369209289551,10.268411636352539,0.6075,83.87104130629557,qwen2.5-72b-sqlbench:latest,0.4305555555555555,6537,0.75,3.645,734.197777771,0.5166666666666667,7693,6,1.0,122.37732458399357,734.2639475039614
1.0,3,639,0.0,0.0,0.0,0,repairability_review,3.0,1.6500443694370197,11.730271948068316,1498.5575836642086,1303.1471125847827,48.56369209289551,10.268411636352539,1.0,84.04546574651793,qwen2.5-72b-sqlbench:latest,1.0,3288,1.0,3.0,407.18340781,1.0,3927,3,1.0,135.74394778365968,407.23184335097903
0.7749999999999999,3,474,0.0,0.0,0.0,0,repeatability_probe,3.0,1.6496634367584189,12.738182512409317,1488.8555899198166,1359.3665901994507,48.56369209289551,10.268411636352539,0.7749999999999999,83.53752195494464,qwen2.5-72b-sqlbench:latest,0.25,3321,1.0,2.3249999999999997,304.79074339600004,1.0,3795,3,1.0,101.60764859167587,304.8229457750276
0.7689814814814815,9,1519,0.0,0.0,0.0,0,snowflake_traversal,9.0,1.6558972960295077,12.53202191541083,1482.0428871730803,1225.8978052072703,48.56369209289551,10.268411636352539,0.7689814814814815,83.16542354830466,qwen2.5-72b-sqlbench:latest,1.0,9057,0.7361111111111112,6.920833333333333,969.60084596,0.5046296296296297,10576,9,1.0,107.74658964944926,969.7193068450433
0.6,3,441,0.0,0.0,0.0,0,sorting_presentation,3.0,1.6741816729029082,11.871626342769451,1476.0866242204593,1052.1172092688237,48.56369209289551,10.268411636352539,0.6,82.93701864368042,qwen2.5-72b-sqlbench:latest,0.75,3000,0.75,1.7999999999999998,280.434846462,0.0,3441,3,1.0,93.49139354700067,280.474180641002
0.5234375,12,2357,0.0,0.0,0.0,0,statistical_summary,12.0,1.6631373914055363,12.897788951747025,1495.7933689017993,1323.0941609647757,48.56369209289551,10.268411636352539,0.5234375,83.88041553406406,qwen2.5-72b-sqlbench:latest,0.078125,13674,0.775,6.28125,1493.745830247,0.5625,16031,12,1.0,124.49150389825081,1493.8980467790097
0.6681327160493827,27,2583,0.0,0.0,0.0,0,aggregation_numeric,27.0,3.2046140585337857,26.19269903114523,1232.2876003832675,2449.499844719654,21.687864303588867,10.457681655883789,0.6681327160493827,69.68033429004912,qwen2.5-coder-32b-sqlbench:latest,0.45241769547325106,27846,0.8611111111111112,18.039583333333333,890.049255462,0.5092592592592593,30429,27,1.0,32.97616909522158,890.3565655709826
0.8500000000000001,3,288,0.0,0.0,0.0,0,audit_reconciliation,3.0,3.1143739639861345,23.612715828233068,1258.433824700204,3036.531051866641,21.687864303588867,10.457681655883789,0.8500000000000001,71.14835050007464,qwen2.5-coder-32b-sqlbench:latest,0.5,3192,1.0,2.5500000000000003,101.623300973,1.0,3480,3,1.0,33.886056176997954,101.65816853099386
0.5068434343434344,33,4385,0.0,0.0,0.0,0,decision_support,33.0,3.1385457409176944,24.42571917342966,1248.1299772431637,2564.622625088141,21.687864303588867,10.457681655883789,0.5068434343434344,70.46787473515889,qwen2.5-coder-32b-sqlbench:latest,0.31776094276094274,35907,0.6303030303030304,16.725833333333334,1513.762382037,0.4818181818181818,40292,33,1.0,45.88258857014995,1514.1254228149483
0.47600000000000003,3,324,0.0,0.0,0.0,0,expression_mapping,3.0,3.113352661713881,24.756082787332787,1252.6794046887796,2223.4342684021835,21.687864303588867,10.457681655883789,0.47600000000000003,70.86413544226043,qwen2.5-coder-32b-sqlbench:latest,0.32,3381,0.6,1.4280000000000002,113.716932254,0.4000000000000001,3705,3,1.0,37.91654776133752,113.74964328401256
0.48333333333333334,6,1141,0.0,0.0,0.0,0,expression_transform,6.0,3.160319531251371,24.05010665700172,1252.533241738224,3167.2253629170646,21.687864303588867,10.457681655883789,0.48333333333333334,70.4302298964681,qwen2.5-coder-32b-sqlbench:latest,0.15,6852,0.65,2.9,387.60490645,0.5666666666666667,7993,6,1.0,64.61158268732834,387.66949612397
0.6875,3,321,0.0,0.0,0.0,0,failure_family_audit,3.0,3.126218848020885,23.18007238737789,1254.4028814393141,1861.036245478027,21.687864303588867,10.457681655883789,0.6875,70.28262527233115,qwen2.5-coder-32b-sqlbench:latest,0.625,3171,1.0,2.0625,112.808187522,0.0,3492,3,1.0,37.61391085331949,112.84173255995847
0.8916666666666666,3,598,0.0,0.0,0.0,0,inner_join_accuracy,3.0,3.03889411811411,23.749123478039138,1169.3286693672237,2787.964498589821,21.687864303588867,10.457681655883789,0.8916666666666666,66.14086417821358,qwen2.5-coder-32b-sqlbench:latest,0.9583333333333334,2982,0.8842592592592592,2.675,232.45704226700002,0.8101851851851851,3580,3,1.0,77.49842194432858,232.49526583298575
1.0,6,1050,0.0,0.0,0.5,3,join_key_integrity,6.0,3.1308615653662315,24.911456060746886,1253.3392006065394,3020.618555191481,21.687864303588867,10.457681655883789,1.0,70.59090459925024,qwen2.5-coder-32b-sqlbench:latest,1.0,6210,1.0,6.0,360.985801635,1.0,7260,6,1.0,60.17534311017274,361.0520586610364
0.26666666666666666,9,1254,0.0,0.0,0.0,0,orphan_key_audit,9.0,3.1566732818815075,24.504000396697986,1245.689644490558,2317.43581609809,21.687864303588867,10.457681655883789,0.26666666666666666,70.1874509656802,qwen2.5-coder-32b-sqlbench:latest,0.8666666666666667,9609,0.3333333333333333,2.4,436.578203542,0.19999999999999998,10863,9,1.0,48.51961761289082,436.6765585160174
0.8677777777777778,18,2889,0.0,0.0,0.3333333333333333,6,outer_join_coverage,18.0,3.166447447982895,25.502207477583692,1248.2490263695736,2516.346917075187,21.687864303588867,10.457681655883789,0.8677777777777778,70.35399326942716,qwen2.5-coder-32b-sqlbench:latest,0.8388888888888889,18519,0.9500000000000001,15.62,996.214241183,0.7055555555555555,21408,18,1.0,55.35706610832777,996.4271899498999
0.41071428571428575,3,1389,0.0,0.0,0.0,0,presentation_table,3.0,3.0566063795213325,22.3954478398314,1275.5108375003992,3269.0995530109317,21.687864303588867,10.457681655883789,0.41071428571428575,71.65550133580271,qwen2.5-coder-32b-sqlbench:latest,0.5357142857142857,3465,0.5,1.2321428571428572,481.745206276,0.0,4854,3,1.0,160.59316428833213,481.7794928649964
0.09999999999999999,6,863,0.0,0.0,0.0,0,ranking_and_priority,6.0,3.1511853566093904,24.48369569933384,1255.10045177687,3034.4843203211553,21.687864303588867,10.457681655883789,0.09999999999999999,70.71248657223846,qwen2.5-coder-32b-sqlbench:latest,0.05555555555555555,6537,0.16666666666666666,0.6,296.399026346,0.0,7400,6,1.0,49.410560803167755,296.46336481900653
1.0,3,615,0.0,0.0,0.0,0,repairability_review,3.0,3.136662104846515,24.140496540496542,1255.851518111518,3172.8369038597334,21.687864303588867,10.457681655883789,1.0,70.80173382173382,qwen2.5-coder-32b-sqlbench:latest,1.0,3288,1.0,3.0,209.881225354,1.0,3903,3,1.0,69.97153303133867,209.914599094016
0.5333333333333333,3,282,0.0,0.0,0.0,0,repeatability_probe,3.0,3.1714181399293957,25.94196428571429,1232.9699404761905,1876.2537472928918,21.687864303588867,10.457681655883789,0.5333333333333333,69.70208333333333,qwen2.5-coder-32b-sqlbench:latest,0.2222222222222222,3321,0.6666666666666666,1.5999999999999999,97.607454835,0.6666666666666666,3603,3,1.0,32.546106831655685,97.63832049496705
0.5148148148148148,9,1564,0.0,0.0,0.0,0,snowflake_traversal,9.0,3.138069508247044,24.384304062841714,1251.0224306913804,2268.184095395293,21.687864303588867,10.457681655883789,0.5148148148148148,70.55066574026971,qwen2.5-coder-32b-sqlbench:latest,0.6666666666666666,9057,0.48148148148148145,4.633333333333334,538.637111513,0.3703703703703704,10621,9,1.0,59.85922595388709,538.7330335849838
0.6,3,475,0.0,0.0,0.0,0,sorting_presentation,3.0,3.0488502763397265,23.11319340329835,1262.180663834749,2787.5684398332237,21.687864303588867,10.457681655883789,0.6,71.06626166083625,qwen2.5-coder-32b-sqlbench:latest,0.75,3000,0.75,1.7999999999999998,168.300366218,0.0,3475,3,1.0,56.12237465699824,168.36712397099473
0.5276041666666667,12,2114,0.0,0.0,0.0,0,statistical_summary,12.0,3.0981416997310087,24.35850893405907,1265.482108707906,3000.2167355127167,21.687864303588867,10.457681655883789,0.5276041666666667,71.31773742590552,qwen2.5-coder-32b-sqlbench:latest,0.078125,13674,0.775,6.33125,736.613579733,0.5833333333333334,15788,12,1.0,61.39701496874235,736.7641796249081
0.585,27,3067,0.0,0.0,0.0,0,aggregation_numeric,27.0,11.925594365301977,22.09242605010579,1211.9538646423778,11261.87736601898,18.441285848617554,10.672958135604858,0.585,72.57364388516349,qwen3-coder-30b-sqlbench:latest,0.39814814814814814,27846,0.7592592592592593,15.795,299.570741352,0.42962962962962964,30913,27,1.0,11.111370542295777,300.007004641986
0.8874999999999998,3,288,0.0,0.0,0.0,0,audit_reconciliation,3.0,10.37580831015939,25.643915343915342,1201.6546031746032,11486.309902578783,18.441285848617554,10.672958135604858,0.8874999999999998,69.93613756613756,qwen3-coder-30b-sqlbench:latest,0.625,3192,1.0,2.6624999999999996,30.867660831000002,1.0,3480,3,1.0,10.331579754672324,30.99473926401697
0.5830151515151515,33,4957,0.0,0.0,0.0,0,decision_support,33.0,10.79394377576811,20.88718357916524,1231.5285708055753,11858.716625900632,18.441285848617554,10.672958135604858,0.5830151515151515,72.78905386997371,qwen3-coder-30b-sqlbench:latest,0.43126262626262624,35907,0.7151515151515152,19.2395,501.403698349,0.4803030303030303,40864,33,1.0,15.212803026396697,502.022499871091
0.7559999999999999,3,560,0.0,0.0,0.0,0,expression_mapping,3.0,11.13937453838716,22.831932773109244,1236.7892156862745,10540.05962043061,18.441285848617554,10.672958135604858,0.7559999999999999,73.60350140056022,qwen3-coder-30b-sqlbench:latest,0.5866666666666668,3381,1.0,2.268,53.022629363,0.4000000000000001,3941,3,1.0,17.692459713337787,53.07737914001336
0.6572222222222223,6,1560,0.0,0.0,0.0,0,expression_transform,6.0,10.714292744897909,20.984518199192113,1270.813208510491,11610.432404877438,18.441285848617554,10.672958135604858,0.6572222222222223,74.33324286422112,qwen3-coder-30b-sqlbench:latest,0.2833333333333333,6852,0.8333333333333334,3.9433333333333334,151.86836449,0.7777777777777778,8412,6,1.0,25.326135901666323,151.95681540999794
0.9125,3,257,0.0,0.0,0.0,0,failure_family_audit,3.0,11.229889536642157,20.666666666666668,1218.5055555555555,18008.633157411507,18.441285848617554,10.672958135604858,0.9125,73.00185185185184,qwen3-coder-30b-sqlbench:latest,0.7083333333333334,3171,1.0,2.7375,25.338560754,1.0,3428,3,1.0,8.463006531334637,25.389019594003912
0.0,3,618,0.0,0.0,0.0,0,inner_join_accuracy,3.0,8.716599848124988,20.11528326745718,1214.8920948616599,4683.024118650071,18.441285848617554,10.672958135604858,0.0,70.4794466403162,qwen3-coder-30b-sqlbench:latest,0.0,2982,0.0,0.0,105.664955061,0.0,3600,3,1.0,35.24762448998323,105.7428734699497
0.5,6,1008,0.0,0.0,0.0,0,join_key_integrity,6.0,11.266526905894509,22.20904022877707,1226.551142439432,14825.908656650936,18.441285848617554,10.672958135604858,0.5,71.95321962759463,qwen3-coder-30b-sqlbench:latest,0.5,6210,0.5,3.0,100.279566441,0.5,7218,6,1.0,16.741483488333568,100.4489009300014
0.2374074074074074,9,1048,0.0,0.0,0.0,0,orphan_key_audit,9.0,13.332277923748977,22.157795907795908,1149.0817404817406,9827.804182591199,18.441285848617554,10.672958135604858,0.2374074074074074,70.10435767935768,qwen3-coder-30b-sqlbench:latest,0.7666666666666667,9609,0.29629629629629634,2.1366666666666667,98.68358184,0.29629629629629634,10657,9,1.0,10.986040915556563,98.87436824000906
0.6000000000000001,18,2930,0.0,0.0,0.0,0,outer_join_coverage,18.0,10.624105711374758,20.868060003109584,1245.9171580307566,8561.124902237736,18.441285848617554,10.672958135604858,0.6000000000000001,72.78387713435673,qwen3-coder-30b-sqlbench:latest,0.5277777777777778,18519,0.6499999999999999,10.8,300.981607824,0.5833333333333334,21449,18,1.0,16.740563095227117,301.3301357140881
0.5444444444444444,3,1945,0.0,0.0,0.0,0,presentation_table,3.0,10.19998295191848,21.825980392156865,1281.4156901649549,5573.505422898463,18.441285848617554,10.672958135604858,0.5444444444444444,73.95099595393712,qwen3-coder-30b-sqlbench:latest,0.8095238095238094,3465,0.6031746031746031,1.6333333333333333,194.074896075,0.0,5410,3,1.0,64.72738999066253,194.1821699719876
0.5525000000000001,6,975,0.0,0.0,0.0,0,ranking_and_priority,6.0,10.743032569316844,22.72130467571644,1243.3366751508295,11284.345824223237,18.441285848617554,10.672958135604858,0.5525000000000001,72.52905260180995,qwen3-coder-30b-sqlbench:latest,0.4166666666666667,6537,0.775,3.3150000000000004,98.635949697,0.20000000000000004,7512,6,1.0,16.458412016664322,98.75047209998593
1.0,3,615,0.0,0.0,0.0,0,repairability_review,3.0,10.225596656330834,20.349122807017544,1246.7593859649123,8391.477395306392,18.441285848617554,10.672958135604858,1.0,72.71219298245614,qwen3-coder-30b-sqlbench:latest,1.0,3288,1.0,3.0,62.979747661000005,1.0,3903,3,1.0,21.00805941000969,63.024178230029065
0.8000000000000002,3,344,0.0,0.0,0.0,0,repeatability_probe,3.0,10.30741090469126,22.02121212121212,1245.8242424242424,14357.849644233864,18.441285848617554,10.672958135604858,0.8000000000000002,72.77757575757575,qwen3-coder-30b-sqlbench:latest,0.3333333333333333,3321,1.0,2.4000000000000004,36.55138987,1.0,3665,3,1.0,12.201231149335703,36.60369344800711
0.43148148148148147,9,1529,0.0,0.0,0.0,0,snowflake_traversal,9.0,10.928150236562118,24.961297136840617,1221.1642510086533,12814.234711946548,18.441285848617554,10.672958135604858,0.43148148148148147,72.18462259560086,qwen3-coder-30b-sqlbench:latest,0.5,9057,0.4444444444444444,3.8833333333333333,152.48156004,0.2962962962962963,10586,9,1.0,16.964662073121872,152.68195865809685
0.625,3,465,0.0,0.0,0.0,0,sorting_presentation,3.0,10.331535581141658,20.78571428571429,1246.4857142857143,7782.9562024821325,18.441285848617554,10.672958135604858,0.625,71.96428571428571,qwen3-coder-30b-sqlbench:latest,0.75,3000,0.75,1.875,47.559937652,0.125,3465,3,1.0,15.871296321973205,47.613888965919614
0.6265625,12,2291,0.0,0.0,0.0,0,statistical_summary,12.0,10.49100046884348,20.578313430028416,1258.2288885012606,13926.546390021647,18.441285848617554,10.672958135604858,0.6265625,73.53179927123635,qwen3-coder-30b-sqlbench:latest,0.171875,13674,0.9166666666666666,7.51875,233.298265685,0.5833333333333334,15965,12,1.0,19.46370321766396,233.5644386119675
0.5954166666666667,27,4575,0.0,0.0,0.0,0,aggregation_numeric,27.0,7.374021747407335,23.127426028993675,1186.6802456803211,398.0324130654775,25.44094291329384,10.718772411346436,0.5954166666666667,69.06344333636662,qwen3.6-sqlbench:latest,0.3449074074074074,28794,0.7805555555555556,16.07625,736.436476215,0.5083333333333333,33369,27,1.0,27.300054155706203,737.1014622040675
0.8500000000000001,3,516,0.0,0.0,0.0,0,audit_reconciliation,3.0,7.750227453474946,23.989534706331046,1185.6571624713958,372.0518818816087,25.44094291329384,10.718772411346436,0.8500000000000001,68.92511060259345,qwen3.6-sqlbench:latest,0.5,3288,1.0,2.5500000000000003,77.566602893,1.0,3804,3,1.0,25.8778120103331,77.63343603099929
0.5351515151515152,33,7068,0.0,0.0,0.0,0,decision_support,33.0,6.970621774618309,21.931274764562005,1216.7572269477846,354.034569409191,25.44094291329384,10.718772411346436,0.5351515151515152,70.40010261673774,qwen3.6-sqlbench:latest,0.3191919191919192,37086,0.6787878787878787,17.66,1164.323112042,0.5,44154,33,1.0,35.30426887833076,1165.040872984915
0.6873333333333335,3,879,0.0,0.0,0.0,0,expression_mapping,3.0,6.751366110120526,21.354665071770338,1241.303835725678,372.9354726427884,25.44094291329384,10.718772411346436,0.6873333333333335,71.3836403508772,qwen3.6-sqlbench:latest,0.68,3489,0.8333333333333334,2.0620000000000003,141.82948338699998,0.3333333333333333,4368,3,1.0,47.29703224733627,141.8910967420088
0.6497222222222222,6,2328,0.0,0.0,0.0,0,expression_transform,6.0,7.084225652672025,20.63344162764372,1249.9844415591026,333.21742450702817,25.44094291329384,10.718772411346436,0.6497222222222222,72.05392475500936,qwen3.6-sqlbench:latest,0.25833333333333336,7068,0.8333333333333334,3.8983333333333334,355.423319834,0.7777777777777778,9396,6,1.0,59.262908687979994,355.57745212787995
0.9624999999999999,3,543,0.0,0.0,0.0,0,failure_family_audit,3.0,7.336190009712667,21.62713675213675,1202.2883547008548,365.9606555773674,25.44094291329384,10.718772411346436,0.9624999999999999,69.72414529914529,qwen3.6-sqlbench:latest,0.875,3279,1.0,2.8874999999999997,85.13625792799999,1.0,3822,3,1.0,28.398498600678675,85.19549580203602
0.9,3,1122,0.0,0.0,0.0,0,inner_join_accuracy,3.0,7.049663263032468,21.03917441195203,1231.7041594611226,392.9960648862966,25.44094291329384,10.718772411346436,0.9,71.11206515755045,qwen3.6-sqlbench:latest,1.0,3081,0.8888888888888888,2.7,189.512368306,0.7777777777777778,4203,3,1.0,63.18585169598615,189.55755508795846
1.0,6,1851,0.0,0.0,0.5,3,join_key_integrity,6.0,7.105487144519311,20.325385506642135,1253.8054587634783,345.64572155794826,25.44094291329384,10.718772411346436,1.0,72.00667792823414,qwen3.6-sqlbench:latest,1.0,6417,1.0,6.0,284.875506804,1.0,8268,6,1.0,47.507767213324165,285.046603279945
0.3033333333333333,9,1650,0.0,0.0,0.0,0,orphan_key_audit,9.0,7.233057149930512,22.246379710051244,1205.9385036800043,342.2152830272869,25.44094291329384,10.718772411346436,0.3033333333333333,70.06018619878519,qwen3.6-sqlbench:latest,0.8999999999999999,9921,0.3333333333333333,2.7299999999999995,272.769339421,0.3333333333333333,11571,9,1.0,30.331472146661124,272.9832493199501
0.9499999999999998,18,5112,0.0,0.0,0.5,9,outer_join_coverage,18.0,7.103195791419216,20.867907561741116,1240.307053268881,391.1456263266641,25.44094291329384,10.718772411346436,0.9499999999999998,71.79581720449161,qwen3.6-sqlbench:latest,0.8777777777777778,19158,1.0,17.099999999999998,787.526700407,0.9333333333333333,24270,18,1.0,43.77300915034074,787.9141647061333
0.4579365079365079,3,2892,0.0,0.0,0.0,0,presentation_table,3.0,6.746720499729146,20.661780022595213,1287.5942583157496,356.73033993396166,25.44094291329384,10.718772411346436,0.4579365079365079,73.7153760498075,qwen3.6-sqlbench:latest,0.7857142857142857,3588,0.4444444444444444,1.3738095238095238,442.340678263,0.0,6480,3,1.0,147.46749960167412,442.40249880502233
0.5944444444444444,6,2061,0.0,0.0,0.0,0,ranking_and_priority,6.0,6.897693846898567,22.242860305958132,1242.0373086770483,355.48004751907416,25.44094291329384,10.718772411346436,0.5944444444444444,71.84160093538037,qwen3.6-sqlbench:latest,0.5,6744,0.6666666666666666,3.5666666666666664,324.017233663,0.5555555555555556,8805,6,1.0,54.02841626800364,324.17049760802183
1.0,3,1047,0.0,0.0,0.0,0,repairability_review,3.0,6.83642542066152,22.51630434782609,1252.367059178744,363.4834145352898,25.44094291329384,10.718772411346436,1.0,71.98357487922705,qwen3.6-sqlbench:latest,1.0,3390,1.0,3.0,164.126369665,1.0,4437,3,1.0,54.73145400802605,164.19436202407815
0.8249999999999998,3,534,0.0,0.0,0.0,0,repeatability_probe,3.0,5.931475981936209,24.19433344433344,1221.3856615606617,368.5550551748709,25.44094291329384,10.718772411346436,0.8249999999999998,70.91668886668886,qwen3.6-sqlbench:latest,0.4166666666666667,3426,1.0,2.4749999999999996,101.64317824599999,1.0,3960,3,1.0,33.90691614333385,101.72074843000155
0.7481481481481481,9,2598,0.0,0.0,0.0,0,snowflake_traversal,9.0,6.989345665696119,21.606994606213846,1246.2118117020434,437.3379417159302,25.44094291329384,10.718772411346436,0.7481481481481481,72.41466438933283,qwen3.6-sqlbench:latest,1.0,9360,0.7037037037037037,6.733333333333333,401.41564645299997,0.48148148148148145,11958,9,1.0,44.62127214811173,401.5914493330056
0.8111111111111112,3,1047,0.0,0.0,0.0,0,sorting_presentation,3.0,6.801405498711961,22.750434216239686,1256.8656290707772,420.59791587856535,25.44094291329384,10.718772411346436,0.8111111111111112,72.50670894244222,qwen3.6-sqlbench:latest,1.0,3099,0.8888888888888888,2.4333333333333336,164.476021747,0.3333333333333333,4146,3,1.0,54.843700548013054,164.53110164403915
0.6038541666666667,12,3819,0.0,0.0,0.0,0,statistical_summary,12.0,6.296944915533779,20.898831089926386,1262.2517889041048,366.9486433045208,25.44094291329384,10.718772411346436,0.6038541666666667,72.55695093069546,qwen3.6-sqlbench:latest,0.140625,14106,0.8611111111111112,7.24625,641.695364671,0.6555555555555556,17925,12,1.0,53.49678540799747,641.9614248959697
